2,RPCs for Noobs,2025-06-07T06:23:53.534Z
3,Xen and Art of Undergraduate School,2025-06-07T06:24:15.933Z
4,Cooking for the Impatient,2025-06-07T13:39:13.556Z
4,Cooking for the Impatient,2025-06-07T14:00:33.669Z
4,Cooking for the Impatient,2025-06-07T19:43:48.536Z
4,Cooking for the Impatient,2025-06-07T19:59:53.546Z
4,Cooking for the Impatient,2025-06-07T20:03:35.334Z
4,Cooking for the Impatient,2025-06-07T20:04:33.027Z
4,Cooking for the Impatient,2025-06-07T20:05:57.223Z
4,Cooking for the Impatient,2025-06-07T20:09:37.258Z
4,Cooking for the Impatient,2025-06-07T20:09:41.901Z
4,Cooking for the Impatient,2025-06-07T20:09:51.334Z
4,Cooking for the Impatient,2025-06-07T20:10:48.018Z
4,Cooking for the Impatient,2025-06-07T20:11:44.044Z
3,Xen and Art of Undergraduate School,2025-06-07T20:11:53.439Z
4,Cooking for the Impatient,2025-06-07T21:15:13.874Z
2,RPCs for Noobs,2025-06-07T21:15:37.763Z
4,Cooking for the Impatient,2025-06-07T21:27:43.578Z
2,RPCs for Noobs,2025-06-07T21:28:29.301Z
1,How to get a good grade in DOS,2025-06-07T21:29:38.701Z
8,myBook,2025-06-07T21:29:49.715Z
2,RPCs for Noobs,2025-06-07T21:30:26.961Z
1,How to get a good grade in DOS,2025-06-07T09:58:39.806Z
1,How to get a good grade in DOS,2025-06-07T10:38:20.548Z
1,How to get a good grade in DOS,2025-06-07T10:39:06.930Z
1,How to get a good grade in DOS,2025-06-07T10:39:36.074Z
